Name,EMI,Price,Mileage,ENGINE,TRANSMISSION,FUEL TYPE,Price range,Length (mm),Wheelbase (mm),Boot Space (L),Width (mm),Turning Radius (m),Fuel Capacity (L),Height (mm),Ground Clearance (mm),Colors,Seating Capacity,Displacement (cc),Peak Power,Peak Torque,Color Varients,Top_Speed
Porsche Macan,"1,18,950",69.98 Lakh,14 kmpl ,1984 to 2995 cc ,Automatic ,Petrol ,₹ 69.98 - 85.01 Lakh ,4696,2807,954,1923,11.96,75,1624,198," Agate Grey, Black, Carmine Red, Carrara White, Crayon, Dolomite Silver, Jet Black, Mahogany, Mamba Green, Miami Blue, Night Blue, Sapphire Blue, Volcano Grey, White ",5,1984, 251 BHP@5000 RPM,370 NM @1600 RPM,24,254 Km/h
Porsche 718,"1,45,262",85.46 Lakh,9 kmpl ,1988 to 3995 cc ,"Automatic, Manual ",Petrol ,₹ 85.46 Lakh - 1.64 Crore ,4379,2475,127,1801,5.5,54,1281,128," Agate Grey, Black, Carmine Red, Carrara White, Crayon, GT Silver, Guards Red, Jet Black, Lava Orange, Miami Blue, Night Blue, Racing Yellow, White ",2,1988, 295 BHP@6500 RPM,380 NM @1950 RPM,23,275km/h
Porsche Cayenne,"2,02,272",1.2 Crore,9 - 40 kmpl ,2995 to 3996 cc ,Automatic ,Petrol ,₹ 1.2 - 1.93 Crore ,4918,2895,645,1983,5.3,75,1696,210," Biscay Blue, Black, Carrara White, Jet Black , Lava Orange, Mahogany , Moonlight Blue , Quartzite Grey , Rhodium Silver , White ",5,2995, 456 BHP@5250 RPM,700 NM ,22,286 Km/h
Porsche Cayenne Coupe,"2,24,165",1.32 Crore,10.75 kmpl,2995 to 3996 cc ,Automatic ,Petrol ,₹ 1.32 - 1.98 Crore ,4931,2895,625,2194,5.1,75,1676,190," Biskay Blue , Carrara White, Crayon, Dolomite Silver, Jet Black, Lava Orange, Mahogany, Moonlight Blue, Quarzite Grey, White ",4,2995, 335 BHP@5300 RPM,450 NM @1340 RPM,18,286 Km/h
Porsche Panamera,"2,45,599",1.44 Crore,8-37 kmpl,2894 to 4806 cc ,Automatic ,Petrol ,₹ 1.44 - 2.43 Crore ,5049,2950,500,1937, - ,75,1423,133," Amethyst, Aventurine Green, Burgundy Red, Carmine Red, Carrara White, Cherry, Crayon, Dolomite Silver, GT Silver, Gentian Blue, Jet Black, Mahogany, Mamba Green, Papaya, Truffle Brown, Volcano Grey, White ",4,2894, 326 BHP@5400 RPM,450 NM @1750 RPM,28,310 Km/h
Porsche 911,"2,38,346",1.64 Crore,9 - 12 kmpl ,2981 to 3745 cc ,"Automatic, Manual ",Petrol ,₹ 1.64 - 3.08 Crore ,4519,2450,132,1852, - ,64,1300,109," Agate Grey, Aventurine Green, Black, Carmine Red, Carrara White, Crayon, Dolomite Silver, GT Silver, Gentian Blue, Guards Red, Jet Black, Lava Orange, Miami Blue, Night Blue, Python Green, Racing Yellow, White ",4,2981, 380 BHP@6500 RPM,450 NM @1950 RPM,31,330 Km/h
Audi Q2,"59,475",34.99 Lakh,15 kmpl,1984 cc ,Automatic ,Petrol ,₹ 34.99 - 48.89 Lakh ,4318,2593,355,1805, - ,55,1548,200," Arabian Blue Crystal, Daytona Gray Pearl Effect, Floret Silver, Ibis White, Mythos Black, Nano Gray, Quantum Gray, Tango Red ",5,1984, 187 BHP@4200 RPM,320 NM @1500 RPM,19,228 Km/h
Audi A4,"71,968",42.34 Lakh,12.3 kmpl,1984 cc ,Automatic ,Petrol ,₹ 42.34 - 46.67 Lakh ,4762,2819,460,1847,5.8,54,1433,160," Floret Silver, Ibis White, Mythos Black, Navarra Blue, Terra Grey ",5,1984, 188 BHP@4200 RPM,320 NM @1450 RPM,10,241 Km/h
Audi A6,"85,006",55.86 Lakh,14 kmpl ,1984 cc ,Automatic ,Petrol ,₹ 55.86 - 60.51 Lakh ,4939,2924,530,1886, - ,73,1457,165," Firmament Blue, Ibis White, Mysthos Black, Seville Red, Vesuvius Grey ",5,1984, 241 BHP@5000 RPM,370 NM @1600 RPM,10,250 Km/h
Audi S5 Sportback,"1,34,384",79.06 Lakh,11 kmpl ,2995 cc ,Automatic ,Petrol ,₹ 79.06 Lakh ,4765,2825,465,1845,5.75,58,1390,114.3," Daytona Grey Pearl, District Green, Ibis White, Mythos Black, Navara Blue, Quantum Grey, Tango Red, Turbo Blue ",5,2995, 349 BHP@5400 RPM,500 NM @1370 RPM,17,250 Km/h
Audi Q8,"1,68,243",98.98 Lakh,16 kmpl ,2995 cc ,Automatic ,Petrol ,₹ 98.98 Lakh - 1.35 Crore ,4986,2995,605,1995,6.1,85,1705,200," Argus Brown, Barrique Brown, Carrara White, Cobra Beige, Daytona Gray Pearlescent, Deep Black, Dragon Orange, Floret Silver, Galaxy Blue, Glacier White, Matador Red, Navarra Blue, Orca Black, Samurai Gray, Vicuna Beige ",7,2995, 335 BHP@5000 RPM,500 NM @1370 RPM,31,250 Km/h
Audi A8 L,"2,68,257",1.58 Crore,12 kmpl ,2995 cc ,Automatic ,Petrol ,₹ 1.58 Crore ,5302,3128,505,1945,6.35, - ,1485,124," Ara Blue Crystal Effect, Diamond Beige Pearl Effect, Glacier White, Goodwood Green Pearl Effect, Ipanema Brown, Misano Red Pearl Effect, Moonlight Blue, Navarra Blue, Quantum Grey, Seville Red, Suzuka Grey, Terra Gray , Terra Grey, Vesuvius Gray ",4,2995, 335 BHP@5000 RPM,500 NM @1370 RPM,37,250 km/h
Audi RS7 Sportback,"3,30,401",1.94 Crore,9 kmpl ,3996 cc ,Automatic ,Petrol ,₹ 1.94 Crore ,5009,2934,535,1950,5.9,73,1451,109," Daytona Gray, Floret Silver, Glacier White, Mythos Black, Nardo Gray, Navarra Blue, Sebring Black, Sebring Black Crystal Effect, Tango Red ",4,3996, 591 BHP@6000 RPM,800 NM @2050 RPM,20,250 km/h
Audi RS Q8,"3,51,937",2.07 Crore,8 kmpl ,3996 cc ,Automatic ,Petrol ,₹ 2.07 Crore ,5012,2998,605,1998,6.15,85,1751,254," Daytona Grey, Deep Black, Dragon Orange, Floret Silver, Galaxy Blue, Glacier White, Matador Red, Navarra Blue, Orca Black ",5,3996, 591 BHP@6000 RPM,800 NM @2050 RPM,18,305 Km/h
Mercedes Benz A-Class Limousine,"67,821",39.9 Lakh,13 - 21 kmpl ,1332 to 1950 cc ,Automatic ,"Petrol, Diesel ",₹ 39.9 - 56.24 Lakh ,4549,2729,405,1796, - , - ,1446, - ," Cosmos Black, Denim Blue, Mojave Silver, Mountain Grey, Polar White ",5,1332, 161 BHP@5500 RPM,250 NM @1620 RPM,10,250 km/h
Mercedes Benz C Class,"70,219",49.41 Lakh,14 - 16 kmpl ,1950 to 1991 cc ,Automatic ,"Petrol, Diesel ",₹ 49.41 - 65.55 Lakh ,4686,2840,480,1810,5.61,66,1442,157," Brilliant Blue, Cavansite Blue, Designo Hyancith Red, Designo Selenite Grey Magno, Mojave Silver, Obsidian Black, Polar White, Selenite Grey ",5,1991, 201 BHP@5800 RPM,280 NM @1600 RPM,19,240 km/h
Mercedes Benz GLC Class,"86,450",57.36 Lakh,14 kmpl ,1950 to 1991 cc ,Automatic ,"Petrol, Diesel ",₹ 57.36 - 63.13 Lakh ,4658,2873,580,1890,5.1,66,1644,201," Brilliant Blue, Cavansite Blue, Graphite Grey, Hi-Tech Silver, Hyacinth Red, Obsidian Black, Polar White ",5,1991, 194 BHP@5500 RPM,320 NM @1650 RPM,14, 240 Km/h
Mercedes Benz E Class,"1,08,105",63.6 Lakh,15 - 16.1 kmpl,1950 to 2925 cc ,Automatic ,"Petrol, Diesel ",₹ 63.6 - 80.9 Lakh ,5075,3079,540,1860,5.3,80,1495,156," Designo Hyacinth Red, High Tech Silver, Mojave Silver, Obsidian Black, Polar White, Selenite Grey ",5,1991, 194 BHP@5500 RPM,320 NM @1650 RPM,14,231 km/h
Mercedes Benz GLC Coupe,"1,13,301",66.66 Lakh,7 kmpl ,1950 to 1991 cc ,Automatic ,"Petrol, Diesel ",₹ 66.66 - 67.72 Lakh ,4658,2873,500,1890,5.85,66,1644,150," Brilliant Blue, Graphite Grey, Hyacinth Red, Mojave Silver, Obsidian Black, Polar White ",4,1991, 256 BHP@5800 RPM,370 NM @1800 RPM,12,220 km/h
Mercedes Benz V-Class,"1,20,854",71.1 Lakh,16 kmpl,1950 cc ,Automatic ,Diesel ,₹ 71.1 Lakh - 1.46 Crore ,5140,3430,610,1928, - ,93,1901,160," Brilliant Silver, Cavansite Blue, Graphite Grey, Obsidian Black, Rock Crystal White, Selenite Grey, Steel Blue ",7,1950, 163 BHP@3800 RPM,380 NM @1200 RPM,15,195 km/h
Mercedes Benz GLE,"1,31,306",77.25 Lakh,17 kmpl ,1950 to 2999 cc ,Automatic ,"Diesel, Petrol ",₹ 77.25 - 94.22 Lakh ,4924,2995,825,2141,5.9,93,1772,200," Cavansite Blue, Designo Hyacinth Red, Mojave Silver, Obsidian Black, Polar White, Selenite Grey ",5,1950, 241 BHP@4200 RPM,500 NM @1600 RPM,13,225 km/h
Mercedes Benz E-Class All-Terrain,"1,31,307",77.25 Lakh,12 kmpl ,1950 cc ,Automatic ,Petrol ,₹ 77.25 Lakh ,4933,2065,640,1852,5.3, - ,1475,156," Designo Hyacinth Red, Iridium Silver, Obsidian Black, Polar White, Selenite Grey ",5,1950, 192 BHP@3800 RPM,400 NM @1600 RPM,11,231 km/h
Mercedes Benz C Coupe,"1,36,274",79.93 Lakh,7 kmpl ,2996 to 3982 cc ,Automatic ,Petrol ,₹ 79.93 Lakh - 1.39 Crore ,4693, - , - ,1810, - ,66,1402,157," Brilliant Blue, Designo Diamond White Bright, Designo Hyancith Red, Graphite Grey, Iridium Silver, Mojave Silver, Obsidian Black, Polar White, Selenite Grey, Selenite Grey Magno ",4,2996, 385 BHP@6100 RPM,520 NM @2000 RPM,24,250 km/h
Mercedes Benz AMG GLC 43 Coupe,"1,38,599",81.22 Lakh,9 kmpl ,2996 cc ,Automatic ,Petrol ,₹ 81.22 Lakh ,4731,2873, - ,1890,5.9,66,1620,201," Brilliant Blue, Designo Hyacinth Red, Designo Salenite Grey Magno	, Graphite Grey, Obsidian Black, Polar White ",5,2996, 385 BHP@5500 RPM,520 NM @2500 RPM,16,261 km/h
Mercedes Benz CLS,"1,46,850",86.39 Lakh,12 kmpl ,1950 cc ,Automatic ,Diesel ,₹ 86.39 Lakh  ,4988, - , - ,1890, - ,66,1435, - ," Cavansite Blue, Designo Diamond White, Designo Hyacinth Red, Designo Selenite Grey Magno, Graphite Grey, Iridium Silver, Obsidian Black, Polar White, Ruby Black ", - ,1950, 245 BHP@4200 RPM,500 NM @1600 RPM,1,250 km/h
Mercedes Benz EQC,"1,76,889",1.04 Crore,6 kmpl ,,Automatic ,Electric ,₹ 1.04 Crore  ,4762,2873,500,1884,5.9, - ,1624,142," Graphite Grey, High-Tech Silver, Polar White ",5, - , -,- ,1,180 km/h
Mercedes Benz GLS,"1,77,975",1.05 Crore,8-9 kmpl ,2925 to 2999 cc ,Automatic ,"Diesel, Petrol ",₹ 1.05 Crore ,5207, - , - ,2157, - , - ,1823,210," Cavansite Blue, Hyacinth Red, Mojave Silver, Obsidian Black, Polar White, Selenite Grey ",7,2925, 326 BHP@3600 RPM,700 NM @1200 RPM,12,222 km/h
Mercedes Benz AMG GLE Coupe,"2,16,822",1.27 Crore,11 kmpl ,2999 cc ,Automatic ,Petrol ,₹ 1.27 Crore ,4961,2935,655,2014,6,85,1716, - ," Brilliant Blue, Cavansite Blue, Emerald Green, Hyacinth Red, Mojave Silver, Obsidian Black, Polar White, Selenite Grey ",5,2999, 429 BHP@6100 RPM,520 NM @1800 RPM,16,225 km/h
Mercedes Benz S Class,"2,01,784",1.42 Crore,16 kmpl,2925 to 5980 cc ,Automatic ,"Diesel, Petrol ",₹ 1.42 - 2.79 Crore ,5246,3165,530,1899,6.15,70,1494,140," Anthracite Blue, Canvasite Blue, Designo Allanite Grey Magno, Designo Cashmere White Magno, Designo Diamond White Bright, Designo Mocha Black, Diamond Silver, Diamond White Bright, Emerald Green, Iridium Silver, Magnetic Black, Obsidian Black, Ruby Black, Selenite Grey ",5,2925, 282 BHP@3600 RPM,600 NM @1600 RPM,36,250 km/h
Mercedes Benz G Class,"2,76,110",1.62 Crore,7 - 12 kmpl ,2925 to 3998 cc ,Automatic ,"Diesel, Petrol ",₹ 1.62 - 2.42 Crore ,4606,2890,480,1931, - ,96,1969,241," China Blue Solid, Citrine Brown Magno, Classic Grey Solid, Dark Blue, Dark Olive Magno, Deep Green Solid, Desert Sand, Diamond White Bright, Graphite, Hyacinth Red, Jupiter Red, Mystic Blue Bright, Mystic Brown Bright, Night Black Magno, Olive, Platinum Black, Platinum Magno, Sea Blue ",5,2925, 285 BHP@1200 RPM,600 NM @2500 RPM,43,210 km/h
Mercedes Benz AMG GT 4-Door Coupe,"4,11,853",2.42 Crore,12 kmpl ,3998 cc ,Automatic ,Petrol ,₹ 2.42 Crore ,5054,2069,285,1664,5.75,75,1953, - ," Brilliant Blue, Designo Brilliant Blue Magno, Designo Diamond White Bright, Designo Graphite Grey Magno, Designo Selenite Grey Magno, Graphite Grey, Iridium Silver, Jupiter Red, Obsidian Black, Polar White ",5,3998, 630 BHP@6250 RPM,900 NM @2500 RPM,28,285 km/h
Mercedes Benz AMG GT,"3,66,868",2.48 Crore,12 kmpl ,3982 cc ,Automatic ,Petrol ,₹ 2.48 Crore ,4551,2630, - ,2075,5.75,65,1284, - ," AMG Solarbeam, Amg Green Hell Magno, Brilliant Blue, Designo Brilliant Blue Magno, Designo Diamond White Bright, Designo Hyacinth Red, Designo Iridium Silver Magno, Designo Selenite Grey Magno, Iridium Silver, Jupiter Red, Magnetite Black, Selenite Grey ",2,3982, 577 BHP@6250 RPM,700 NM @1900 RPM,35,312 km/h
BMW X1,"59,832",37.2 Lakh,20 kmpl ,1995 to 1998 cc ,Automatic ,"Petrol, Diesel ",₹ 37.2 - 42.9 Lakh ,4447,2670,505,1821,5.8,51,1598,165," Alpine White, Black, Black Sapphire, Mediterranean Blue, Mineral White, Misano Blue, Sparkling Brown, Storm Bay, Sunset Orange ",5,1998, 192 BHP@5000 RPM,280 NM @1350 RPM,17,222 Km/h
BMW 2 Series Gran Coupe,"64,422",37.9 Lakh,14 - 19 kmpl ,1995 to 1998 cc ,Automatic ,"Petrol, Diesel ",₹ 37.9 - 42.3 Lakh ,4526,2670,430,1800,5.7,50,1420,152," Apine White, Black Sapphire, Melbourne Red, Misano Blue, Seaside Blue, Snapper Rocks Blue ",5,1995, 188 BHP@4000 RPM,400 NM @1750 RPM,13,233 km/h
BMW 3 Series,"72,410",42.6 Lakh,16 - 20 kmpl ,1995 to 2998 cc ,Automatic ,"Petrol, Diesel ",₹ 42.6 - 62.9 Lakh ,4624,2851,480,1828,6,59,1435,165," Alpine White, Black Sapphire, Dravit Grey, Mediterranean Blue, Mineral Grey, Portimao Blue, Sunset Orange, Tanzanite Blue ",5,1995, 104 BHP@4000 RPM,400 NM @1750 RPM,16,250 Km/h
BMW 3 Series Gran Limousine,"87,538",51.5 Lakh,15 - 19 kmpl ,1995 to 1998 cc ,Automatic ,"Petrol, Diesel ",₹ 51.5 - 53.9 Lakh ,4819,2961,480,1827, - , - ,1441, - ," Carbon Black, Cashmere Silver, Melbourne Red, Mineral White ",5,1995, 188 BHP@4000 RPM,400 NM @1750 RPM,8,250 Km/h
BMW 5 Series,"88,388",56 Lakh,15 - 20 kmpl ,1995 to 2993 cc ,Automatic ,"Petrol, Diesel ",₹ 56 - 69.1 Lakh ,4936,2975,530,1868, - ,66,1479,144," Alpine White, Black Sapphire, Bluestone, Carbon Black, Imperial Blue, Mediterranean Blue, Mineral White ",5,1995, 188 BHP@4000 RPM,400 NM @1750 RPM,13,250 Km/h
BMW X3,"84,972",56.5 Lakh,13 - 16 kmpl ,1995 to 1998 cc ,Automatic ,"Petrol, Diesel ",₹ 56.5 - 62.5 Lakh ,4657,2810, - ,1881, - ,60,1678, - ," Black Sapphire, Mineral White, Phytonic Blue, Sophisto Grey ",5,1995, 190 BHP@4000 RPM,400 NM @1750 RPM,8,213 Km/h
BMW X4,"1,06,066",62.4 Lakh,13 - 16 kmpl ,1995 to 2993 cc ,Automatic ,"Diesel, Petrol ",₹ 62.4 - 68.9 Lakh ,4752,2864,1400,1918, - ,60,1621, - ," Alpine White, Carbon Black, Flamenco Red Brilliant Effect, Phytonic Blue ",5,1995, 188 BHP@4000 RPM,400 NM @1750 RPM,10,235 Km/h
BMW Z4,"1,13,885",67 Lakh,13 kmpl ,1998 to 2998 cc ,Automatic ,Petrol ,₹ 67 - 81.9 Lakh ,4324,2470,281,1864, - ,52,1304, - ," Alpine White, Black Sapphire, Glacier Silver, Mediterranean Blue, Mineral White, Misano Blue, San Francisco Red ",2,2998, 335 BHP@5000 RPM,500 NM @1600 RPM,15,250 Km/h
BMW 6 Series GT,"1,15,414",67.9 Lakh,18 - 21 kmpl ,1995 to 2993 cc ,Automatic ,"Petrol, Diesel ",₹ 67.9 - 77.9 Lakh ,5091,3070,610,1902,6.15,66,1538,138," BMW Individual Tanzanite Blue Metallic	, Bernina Grey Amber Effect, Black Sapphire, Carbon Black, Mineral White, Phytonic Blue, Piemont Red ",5,1995, 188 BHP@4000 RPM,400 NM @1750 RPM,20,250 km/h
BMW X5,"1,24,593",75.5 Lakh,13 kmpl ,2993 to 2998 cc ,Automatic ,"Diesel, Petrol ",₹ 75.5 - 87.4 Lakh ,4922,2975,650,2004, - ,80,1745, - ," Arctic Grey, Black Sapphire, Carbon Black, Mineral White, Phytonic Blue, Tanzanite Blue ",5,2993, 262 BHP@4000 RPM,620 NM @1500 RPM,12,300 km/h
BMW M2,"1,44,480",85 Lakh,11 kmpl ,2979 cc ,Automatic ,Petrol ,₹ 85 Lakh ,4461,2693,390,1854, - ,52,1410, - ," Alpine White, Black Sapphire, Hockenheim Silver, Long Beach Blue, Sunset Orange ",4,2979, 404 BHP@6250 RPM,550 NM @2350 RPM,11,250 Km/h
BMW X7,"1,58,079",93 Lakh,13 kmpl ,2993 to 2998 cc ,Automatic ,"Diesel, Petrol ",₹ 93 Lakh - 1.66 Crore ,5151,3105,326,2000, - ,80,1805, - ," Alpine White, Arctic Grey Brilliant Effect, Black, Black Sapphire, Manhattan, Mineral White, Phytonic Blue, Sophisto Grey Brilliant Effect, Terra Brown, Vermont Bronze ",7,2993, 394 BHP@4400 RPM,760 NM @2000 RPM,22,227 km/h
BMW X6,"1,64,708",96.9 Lakh,10 kmpl ,2998 cc ,Automatic ,Petrol ,₹ 96.9 Lakh ,4909,2933, - ,2170, - , - ,1702, - ," Alpine White, Ametrine, Arctic Grey Brilliant Effect, Black, Black Sapphire, Carbon Black, Flamenco Red Brilliant Effect, Manhattan, Mineral White, Riverside Blue Metallic, Sophisto Grey Brilliant Effect ",5,2998, 335 BHP@5500 RPM,450 NM @1500 RPM,26,100 km/h
BMW X3 M,"1,69,807",99.9 Lakh,13 kmpl ,2993 cc ,Automatic ,Petrol ,₹ 99.9 Lakh ,4708,2864,550,1891, - ,65,1676,204, Alpine White ,5,2993, 473 BHP@6250 RPM,600 NM @2600 RPM,2,280 km/h
BMW 8 Series,"2,25,219",1.33 Crore,11 kmpl ,2998 cc ,Automatic ,Petrol ,₹ 1.33 - 1.58 Crore ,5082,3023,440,1932, - ,68,1407, - ," Alpine White, Black Sapphire, Blue Ridge Mountain, Bluestone, Mineral White, Sonic Speed Blue, Sunset Orange ",5,2998, 335 BHP@5000 RPM,500 NM @1600 RPM,15,258 km/h
BMW 7 Series,"2,08,052",1.38 Crore,8 - 40 kmpl ,2993 to 6592 cc ,Automatic ,"Diesel, Petrol, Hybrid ",₹ 1.38 - 2.46 Crore ,5238,3210,515,1902,6.45,78,1481,152," Alpine White, Arctic Grey Brilliant Effect, Bernina Grey Amber Effect, Black, Black Sapphire, Cashmere Silver, Imperial Blue Brilliant Effect, Mineral White, Royal Burgundy Brillant Effect, Sophisto Grey Brilliant Effect ",5,2993, 262 BHP@4000 RPM,620 NM @2000 RPM,29,310 km/h
BMW M5,"2,44,596",1.55 Crore,13 kmpl ,4395 cc ,Automatic ,Petrol ,₹ 1.55 Crore ,4956,2982,530,1903, - ,68,1473,132,"  Marina Bay Blue, Alpine White, Black Sapphire, Bluestone, Donington Grey, Singapore Grey, Snapper Rocks Blue ",5,4395, 618 BHP@6000 RPM,750 NM @1800 RPM,15,250 km/h
BMW X5 M,"3,31,284",1.95 Crore,10 kmpl ,4395 cc ,Automatic ,Petrol ,₹ 1.95 Crore ,4938,2972,650,2015, - ,83,1747,212," Alpine White, Black Sapphire Metallic, Carbon Black Metallic, Donington Grey Metallic, Manhattan Metallic, Marina Bay Blue Metallic, Mineral White Metallic, Toronto Red Metallic ",5,4395, 617 BHP@6000 RPM,750 NM @1800 RPM,23,250 Km/h
BMW M8,"3,70,549",2.18 Crore,6 kmpl ,4395 cc ,Automatic ,Petrol ,₹ 2.18 Crore ,4867,2827,420,1907, - ,68,1362, - ," Alpine White, Barcelona Blue, Black Sapphire, Brands Hatch Grey, Donington Grey, Marina Bay Blue, Motegi Red, Sonic Speed Blue ",4,4395, 591 BHP@6000 RPM,750 NM @1800 RPM,19,305 km/h
Jaguar XE,"69,024",46.64 Lakh,13 kmpl ,1997 cc ,Automatic ,Petrol ,₹ 46.64 - 48.5 Lakh ,4691,2835,455,2075, - ,65,1416, - ," Caldera Red, Eiger Grey, Firenze Red, Fuji White, Portofino Blue, Santorini Black ",5,1997, 247 BHP@5500 RPM,365 NM @1500 RPM,12,250 Km/h
Jaguar XF,"84,599",55.67 Lakh,10 kmpl ,1999 cc ,Automatic ,Petrol ,₹ 55.67 Lakh ,5067,2960,505,2091,5.74,74,1457, - ," Carpathian Grey, Firenze Red, Fuji White, Portofino Blue, Rossello Red, Santorini Black ",5,1999, 237 BHP@5500 RPM,340 NM @1750 RPM,12,234 Km/h
Jaguar F-Pace,"1,09,869",66.07 Lakh,16 kmpl ,1997 cc ,Automatic ,Petrol ,₹ 66.07 Lakh ,4731,2874, - ,2071,5.79,82,1651,171," Caesium Blue, Carpathian Grey, Firenze Red, Fuji White, Santorini Black ",5,1997, 247 BHP@5500 RPM,365 NM @1500 RPM,10,217 Km/h
Jaguar F TYPE,"1,61,682",95.12 Lakh,8 - 12 kmpl ,1997 to 5000 cc ,Automatic ,Petrol ,₹ 95.12 Lakh - 2.54 Crore ,4470,2622,207,1923,5.33,63,1308,108," Amethyst Grey Purple, Atacama Orange , Bluefire Blue, British Racing Green, Caldera Red, Carpathian Grey, Constellation, Corris Grey, Desire Red, Eiger Grey, Ethereal Silver, Firenze Red, Flux Grey, Fuji White, Indus Silver, Ionian Silver, Ligurian Black, Loire Blue, Narvik Black, Petrolix Blue, Portofino Blue, Sanguinello Orange, Santorini Black, Silicon Silver, Sorrento Yellow , Sunset Gold, Tormaline Brown, Ultra Blue, Velocity Blue, Yulong White ",2,1997, 297 BHP@5500 RPM,400 NM @1500 RPM,63,250 km/h
Jaguar I-Pace,"1,80,022",1.06 Crore,470 km,,Automatic ,Electric ,₹ 1.06 - 1.12 Crore ,4682,2990,505,2139, - , - ,1566,142," Aruba Premium, Borasco Grey, Caesium Blue, Caldera Red, Eiger Grey, Farallon Pearl Black Premium, Firenze Red, Fuji White, Indus Silver, Portofino Blue, Santorini Black, Yulong White ",5, - , -,- ,26,200 km/h
Volvo XC40,"67,821",39.9 Lakh,15 kmpl,1969 cc ,Automatic ,Petrol ,₹ 39.9 Lakh ,4425,2702,432,1863,5.7,54,1652,211," Bursting Blue, Crystal White, Glacier Silver, Onyx Black, Thunder Grey ",5,1969, 187 BHP@5000 RPM,300 NM @1300 RPM,10,180 Km/h
Volvo S60,"78,020",45.9 Lakh,14.08 kmpl,1969 cc ,Automatic ,Petrol ,₹ 45.9 Lakh ,4761,2872,442,2040, - ,60,1431,142," Crystal White Pearl, Denim Blue, Fusion Red, Maple Brown, Onyx Black ",5,1969, 188 BHP@5000 RPM,300 NM @1300 RPM,11,180 Km/h
Volvo S90,"88,218",59 Lakh,18.0 kmpl,1969 cc ,Automatic ,Diesel ,₹ 59 Lakh ,4963,2941,500,1879,5.9,55,1443,152," Bright Silver, Crystal White, Denim Blue, Magic Blue, Onyx Black, Pine Grey ",5,1969, 187 BHP@4250 RPM,400 NM @1750 RPM,12,180 Km/h
Volvo XC60,"89,918",59.9 Lakh,16 kmpl ,1969 cc ,Automatic ,Diesel ,₹ 59.9 Lakh ,4688,2865,505,1902,5.7,71,1658,216," Bright Light, Crystal White, Denim Blue, Luminous Sand, Maple Brown, Onyx Black, Pine Grey ",5,1969, 232 BHP@4000 RPM,480 NM @1750 RPM,14,180 Km/h
Volvo V90 Cross Country,"1,11,012",65.41 Lakh,12.5 kmpl,1969 cc ,Automatic ,Diesel ,₹ 65.41 Lakh ,4939,2941,530,1879,5.9,60,1543,210," Bright Silver, Crystal White, Denim Blue, Havana Maple Brown, Onyx Black, Osmium Grey ",5,1969, 232 BHP@4250 RPM,480 NM @1750 RPM,13,180 km/h
Volvo XC90,"1,37,511",80.99 Lakh,17.2 kmpl,1969 cc ,Automatic ,"Diesel, Petrol ",₹ 80.99 Lakh - 1.31 Crore ,4950,2984,530,2008,5.9,71,1776,238," Crystal White Pearl, Luminous Sand, Magic Blue, Onyx Black ",7,1969, 232 BHP@4250 RPM,480 NM @1750 RPM,9,180 kmph
Lexus ES,"96,122",56.55 Lakh,9 kmpl ,2487 cc ,Automatic ,Petrol ,₹ 56.55 - 61.75 Lakh ,4975,2870,454,1865,5.9,50,1445,150," Deep Blue Mica, Graphite Black Glass Flake, Ice Ecru Mica, Red Mica Crystal Shine, Sonic Quartz, Sonic Titanium ",5,2487, 176 BHP@5700 RPM,221 NM @3600 RPM,18, 210 km/h
Lexus NX,"98,927",58.2 Lakh,18 kmpl ,2494 cc ,Automatic ,Petrol ,₹ 58.2 - 63.63 Lakh ,4640,2660,475,1845,5.7,56,1645, - ," Black, Blazing Carnelian Contrast, Celestial Blue, Graphite Black Glass Flake, Heat Blue Contrast Layering, Lava Orange Crystal Shine, Mercury Gray Mica, Red Mica Crystal Shine, Sonic Quartz, Sonic Titanium, White Nova Glass Flake ",5,2494, 194 BHP@5700 RPM,210 NM @4200 RPM,33,180 Km/h
Lexus RX,"1,76,691",1.04 Crore,19 kmpl ,3456 cc ,Automatic ,Petrol ,₹ 1.04 Crore ,4890,2790, - ,1895,5.9,65,1685,195," Amber Crystal Shine, Black, Deep Blue Mica, Graphite Black Glass Flake, Heat Blue Contrast Layer, Ice Ecru, Mercury Gray Mica, Platinum Silver, Red Mica Crystal Shine, Sleek Ecru, Sonic Quartz, Sonic Titanium, White Nova Glass Flake ",7,3456, 308 BHP@6000 RPM,335 NM @4600 RPM,36,200 km/h
Lexus LS,"3,25,199",1.91 Crore,12 kmpl ,3456 cc ,Automatic ,Petrol ,₹ 1.91 - 2.22 Crore ,5235,3125, - ,1900, - , - ,1450,147," Amber Crystal Shine, Black, Deep Blue Mica, Graphite Black Glass Flake, Manganese Luster, Red Mica Crystal Shine, Sleek Ecru Metallic, Sonic Agate, Sonic Quartz, Sonic Titanium ",5,3456, 295 BHP@6600 RPM,350 NM @5100 RPM,26,205 Km/h
Lexus LC 500h,"3,56,475",2.1 Crore,14 kmpl ,3456 cc ,Automatic ,Petrol ,₹ 2.1 - 2.16 Crore ,4770,2870,133,1920,5.3,82,1345,140," Black, Deep Blue Mica, Graphite Black Glass Flake, Naples Yellow, Radiant Red Contrast Layering, Sonic Silver, Titanium, White Nova Glass Flake ",2,3456, 295 BHP@6600 RPM,350 NM @5100 RPM,21,250 km/h
Lexus LX,"3,95,875",2.33 Crore,7 kmpl ,5663 cc ,Automatic ,Petrol ,₹ 2.33 Crore ,5080,2850, - ,1980, - ,138,1865,225," Black, Deep Blue Mica, Mercury Gray Mica, Sleek Ecru, Sonic Quartz, Sonic Titanium, Starlight Black Glass Flake ",8,5663, 362 BHP@5600 RPM,530 NM @3200 RPM,17,210 Km/h
Ferrari Portofino,"5,94,918",3.5 Crore,10 kmpl ,3855 cc ,Automatic ,Petrol ,₹ 3.5 Crore ,4586,2670,292,1938, - ,80,1318, - ," Bianco Avus, Blu Abu Dhabi, Blu Mirabeau, Blu Tour De France, Blue Pozzi, Giallo Modena, Grigio Alloy, Grigio Ingrid, Grigio Silverstone, Grigio Titanio Metallizzato, Nero DS 1250, Nero Daytona, Rosso Scuderia, Russo Corsa, Russo Mugello ",4,3855, 591 BHP@7500 RPM,760 NM @3000 RPM,35,320 Km/h
Ferrari F8 Tributo,"6,83,305",4.02 Crore,8 kmpl ,3902 cc ,Automatic ,Petrol ,₹ 4.02 Crore ,4611,2650,200,1979, - ,78,1206, - , - ,2,3902, 711 BHP@7000 RPM,770 NM @3250 RPM,1,340 Km/h
Ferrari GTC4 Lusso,"7,24,100",4.23 Crore,10 kmpl ,3900 to 6262 cc ,Automatic ,Petrol ,₹ 4.23 - 5.09 Crore ,4922,2990,800,1980, - ,91,1383, - ," Azzurro, Bianco Avus, Blu Mirabeau, Blu Pozi, Blu Scozia, Blu Tour De France, Blue Abu Dhabi, Giallo Modena, Grigio Alloy, Grigio Ingrid, Grigio Medio, Grigio Silverstone, Grigio Titanio, Nero, Nero Daytona, Rosso Corsa, Rosso Mugello, Rosso Suderio, Vinaccia ",2,6262, 680 BHP@8000 RPM,697 NM @5750 RPM,38,335 km/h
Ferrari 812,"8,83,878",5.2 Crore,14 kmpl ,6496 cc ,Automatic ,Petrol ,₹ 5.2 Crore ,4657,2720, - ,1971, - ,92,1276, - ," Alluminio Opaco, Argento Nurburgring, Avorio, Azzurro California, Bianco Avus, Bianco Fuji, Bianco Italia, Blu Abu Dhabi, Blu Mirabeau, Blu Pozzi, Blu Scozia, Blu Swaters, Blu Tour De France, Canna De Fucile, Giallo Modena, Giallo Triplo Strato, Grigio Alloy, Grigio Ferro, Grigio Ingrid, Grigio Scuro, Grigio Silverstone, Grigio Silverstone Opaco, Grigio Titanio Metallizzato, Nero Daytona, Nero Ds 1250, Nero Opaco, Rosso Berlinetta, Rosso Corsa, Rosso Dino, Rosso Florano, Rosso Formula 1 2007, Rosso Fuoco, Rosso Monza, Rosso Mugello, Rosso Scuderia, Verde British ",2,6496, 789 BHP@8500 RPM,718 NM @7000 RPM,81,340 Km/h
Rolls Royce Wraith,"8,50,322",5 Crore,10 kmpl ,6592 cc ,Automatic ,Petrol ,₹ 5 Crore ,5281,3112,490,1947,6.35,83,1507, - ," Arctic White, Black, Madeira Red, Sea Green ",4,6592, 591 BHP@5600 RPM,850 NM @1500 RPM,7,250 Km/h
Rolls Royce Dawn,"10,06,536",5.92 Crore,8 kmpl ,6598 cc ,Automatic ,Petrol ,₹ 5.92 Crore ,5285,3112,295,1947, - ,82,1502, - ," Anthracite, Black Kirsch	, Emerald Green	, Ensine Red	, Jubilee Silver	, Smokey Quartz	, Stone Grey	 ",4,6598, 563 BHP@5000 RPM,820 NM @1600 RPM,18,250 Km/h
Rolls Royce Cullinan,"11,81,336",6.95 Crore,6-7 kmpl,6749 cc ,Automatic ,Petrol ,₹ 6.95 Crore ,5341,3295,560,2000,6.9,100,1835, - ," Anthracite, Arctic White, Black, Blue Velvet, Cornish White, Darkest Tungsten, Diamond Black, Ensign Red, Jubliee Silver, Madeira Red, Metropolitan Blue, Midnight Blue, New Sable, Silver, Woodland Green ",5,6749, 563 BHP@5000 RPM,850 NM @1600 RPM,27,250 km/h
Rolls Royce Phantom VIII,"16,14,776",9.5 Crore,7 kmpl ,6749 cc ,Automatic ,Petrol ,₹ 9.5 Crore ,5770,3552,548,2018,6.9,100,1648, - , - ,5,6749, 563 BHP@5000 RPM,900 NM @1700 RPM,1,250 km/h
Lamborghini Urus,"5,26,927",3.1 Crore,12 kmpl ,3996 cc ,Automatic ,Petrol ,₹ 3.1 Crore ,5112,3003,616,2181, - ,75,1638, - ," Bianco Icarus, Bianco Monocerus, Blu Astraeus, Giallo Auge, Grigio Lynx, Grigio Nimbus, Nero Helene, Nero Noctis, Rosso Anteros, Rosso Mars ",5,3996, 650 BHP@6000 RPM,850 NM @6800 RPM,20,305 Km/h
Lamborghini Huracan,"5,47,324",3.22 Crore,7 kmpl ,5204 cc ,Automatic ,Petrol ,₹ 3.22 - 4.1 Crore ,4520,2620, - ,1933, - , - ,1165, - ," Arancio Borealis, Bianco Canopus, Bianco Icarus, Bianco Monocerus, Blu Sideris, Blue Caelum, Giallo Inti, Grigio Lynx, Grigio Nimbus, Grigio Titans, Marrone Apus, Nero Granatus, Nero Nemesis, Nero Serapis, Rosso Mars, Verde Mantis, Verde Selvans ",2,5204, 631 BHP@8250 RPM,600 NM @6500 RPM,34,325 km/h
Maserati Ghibli,"1,95,473",1.15 Crore,16.9 kmpl,1998 to 3799 cc ,Automatic ,"Petrol, Diesel ",₹ 1.15 - 1.92 Crore ,4971,2998,500,1945,5.8,70,1461, - ," Bianco, Bianco Alpi, Blu Emozione, Blu Nobile, Blu Passione, Grigio, Grigio Maratea, Nero, Nero Ribelle, Rosso Folgore ",5,2987, 275 BHP@4000 RPM,600 NM @2000 RPM,17,286 Km/h
Maserati Levante,"2,41,328",1.45 Crore,14 kmpl ,2987 cc ,Automatic ,Diesel ,₹ 1.45 Crore ,5003,3004,580,1968,5.85,80,1679, - ," Bianco, Bianco Alpi, Blu Emozione, Blu Passione, Grigio, Grigio Maratea, Nero, Nero Ribelle, Rame ",5,2987, 275 BHP@4000 RPM,600 NM @2000 RPM,14,264 Km/h
Maserati Quattroporte,"2,78,684",1.64 Crore,9-16 kmpl,2979 to 2987 cc ,Automatic ,"Petrol, Diesel ",₹ 1.64 - 1.73 Crore ,5262,3171,530,1948,6.15,70,1481, - ," Bianco Eldorado, Blu Passione, Bronzo Siena, Champagne, Grigio Metallo, Nero, Nero Rebelle, Rosso Folgore ",5,2987, 275 BHP@4000 RPM,600 NM @2000 RPM,14,310 Km/h
Maserati GranTurismo,"3,82,447",2.25 Crore,12 kmpl ,4691 cc ,Automatic ,Petrol ,₹ 2.25 Crore ,4920,2942,260,1915,5.35,86,1380, - ," Bianco Eldorado, Blu Sofisticato, Grigio Granito, Nero, Nero Carbonio, Rosso Trionfale ",4,4691, 453 BHP@7000 RPM,520 NM @4750 RPM,11,298 km/h
Maserati GranCabrio,"4,55,537",2.68 Crore,12 kmpl ,4691 cc ,Automatic ,Petrol ,₹ 2.68 Crore ,4881,2942,173,1915,6.1,86,1353,128," Bianco Birdcage, Bianco Fuji, Blu Assoluto, Blu Inchiostro, Blu Sofisticato, Giallo Granturismo, Grigio Alfieri, Grigio Granito, Grigio Lava, Grigio Pietra, Nero, Nero Carbonio, Rosso Italiano, Rosso Magma, Rosso Mondiale, Rosso Trionfale ",4,4691, 460 BHP@7000 RPM,520 NM @4750 RPM,31,301 km/h
Bentley Bentayga,"6,96,904",4.1 Crore,8 kmpl ,3996 cc ,Automatic ,Petrol ,₹ 4.1 Crore ,5125,2995,484,2222, - ,85,1728, - ," Alpine Green, Beluga, Dark Sapphire, Glacier White, Moonbeam, St.James Red , Thunder ",5,3996, 542 BHP@6000 RPM,770 NM @2000 RPM,12,290 Km/h
MINI Cooper,"50,823",35.06 Lakh,16 - 19 kmpl ,1998 cc ,Automatic ,Petrol ,₹ 35.06 - 43.9 Lakh ,3850,2495,211,1727, - ,44,1414, - ," Carbon Black , Chilli Red, Electric Blue, Emerald Grey, Glowing Red, Malt Brown , Melting Silver, Midnight Black, Pepper White, Satellite Grey, Solaris Orange, Starlight Blue, Thunder Grey, White Silver ",4,1998, 228 BHP,320 NM @1450 RPM,30,265 km/h
MINI Countryman,"63,572",39.5 Lakh,14 kmpl ,1998 cc ,Automatic ,Petrol ,₹ 39.5 - 43.4 Lakh ,4299,2670,450,1822,12,47,1557,165," Chilli Red, Island Blue, Midnight Black, Sage Green, White Silver ",5,1998, 189 BHP,280 NM @1350 RPM,10,225 km/h
MINI Cooper Convertible,"68,161",40.01 Lakh,19 kmpl ,1998 cc ,Automatic ,Petrol ,₹ 40.01 Lakh ,3821,2495, - ,1727, - ,44,1415, - ," Carbon Black	, Glowing Red	, Malt Brown	, Satellite Grey	 ",4,1998, 189 BHP,280 NM @1250 RPM,11,230 Km/h
MINI Clubman,"71,221",41.9 Lakh,13 kmpl ,1998 cc ,Automatic ,Petrol ,₹ 41.9 Lakh ,3850,2495,211,1727, - ,44,1414, - ," British Racing Green, Chilli Red, Enigmatic Black, Melting Silver, Midnight Black, Moonwalk Grey, Pepper White, Starlight Blue, Thunder Grey, White Silver ",4,1998, 189 BHP,280 NM @1250 RPM,21,238 km/h
Toyota Glanza,"12,210",7.18 Lakh,19 - 24 kmpl ,1197 cc ,"Manual, Automatic ","Petrol, Hybrid ",₹ 7.18 - 9.1 Lakh ,3995,2520,339,1745,4.9,37,1510, - ," Cafe White, Enticing Silver, Gaming Grey, Insta Blue, Sportin Red ",5,1197, 89 BHP@6000 RPM,113 NM @4400 RPM,10,180 Km/h
Toyota Urban Cruiser,"14,448",8.5 Lakh,17 - 19 kmpl ,1462 cc ,"Manual, Automatic ",Petrol ,₹ 8.5 - 11.35 Lakh ,3995,2500,328,1790,5.2,48,1640,198," Gorrvy Orange / Sunny White Roof	, Groovy Orange, Iconic Grey, Rustic Brown, RusticBrownwith Sizzling Black Roof, Spunky Blue, SpunkyBlue/SizzlingBlackRoof, Suave Silver, Sunny White ",5,1462, 103 BHP@6000 RPM,138 NM @4400 RPM,24,170 km/h
Toyota Yaris,"15,570",9.16 Lakh,17 - 18 kmpl ,1496 cc ,"Manual, Automatic ",Petrol ,₹ 9.16 - 14.6 Lakh ,4425,2550,476,1730,5.1,42,1495, - ," Attitude Black, Pearl White, Phantom Brown, Silver, Super White, Wildfire Red, WildfireRed/ Attitude Black ",5,1496, 106 BHP@6000 RPM,140 NM @4200 RPM,14,230 km/h
Toyota Innova Crysta,"28,081",16.52 Lakh,11-16 kmpl,2393 to 2694 cc ,"Manual, Automatic ","Petrol, Diesel ",₹ 16.52 - 24.43 Lakh ,4735,2750, - ,1830,5.4,55,1795,176," Avant Grade Bronze, Garnet Red, Grey, Silver, Sparkling Black Crystal Shine, Super White, White Pearl Crystal Shine ",7,2393, 148 BHP@3400 RPM,343 NM @1400 RPM,17,179 km/h
Toyota Fortuner,"51,571",30.34 Lakh,7-10 kmpl,2694 to 2755 cc ,"Manual, Automatic ","Petrol, Diesel ",₹ 30.34 - 38.3 Lakh ,4795,2745,296,1855,5.8,80,1835,225," Attitude Black, Avant-Garde Bronze, Phantom Brown, Sparkling Black Cystal Shine, Super White ",7,2694, 164 BHP@5200 RPM,245 NM @4000 RPM,12,185 km/h
Toyota Camry,"68,994",40.59 Lakh,19 kmpl ,2487 cc ,Automatic ,Hybrid ,₹ 40.59 Lakh ,4885,2825,587,1840,5.8,50,1455, - ," Attitude Black, Burning Black, Graphite, Phantom Brown, Platinum White, Platinum White Pearl, Red Mica, Silver ",5,2487, 176 BHP@5700 RPM,221 NM @3600 RPM,15,200 Km/h
Toyota Vellfire,"1,47,880",87 Lakh,16 kmpl ,2494 cc ,Automatic ,Hybrid ,₹ 87 Lakh ,4935,3000, - ,1850, - ,58,1895, - ," Black, Burning Black, Graphite, Pearl White ",7,2494, 115 BHP@4700 RPM,198 NM @2800 RPM,6,170 km/h
MG Hector,"22,400",13.18 Lakh,12 - 16 kmpl,1451 to 1956 cc ,"Manual, Automatic ","Petrol, Diesel ",₹ 13.18 - 19.06 Lakh ,4655,2750,587,1835, - ,60,1760, - ," Aurora Silver, Burgundy Red, Candy White, CandyyWhitewith Starry Black, Glaze Red, GlazeRedwithStarryBlack, Starry Black, Starry Sky Blue ",5,1451, 141 BHP@5000 RPM,250 NM @1600 RPM,17,195 km/h
MG Hector Plus,"23,165",13.63 Lakh,14 - 16 kmpl ,1451 to 1956 cc ,Manual ,"Petrol, Diesel ",₹ 13.63 - 19.81 Lakh ,4720,2750,587,1835, - ,60,1760,192," Aurora Silver, Burgundy Red, Candy White, Candy White With Starry Black, Glaze Red, Glaze Red With Starry Black, Starry Black, Starry Sky Blue ",7,1956, 168 BHP@3750 RPM,350 NM @1750 RPM,23,195 km/h
MG ZS EV,"35,492",21 Lakh,340 km,,Manual ,Electric ,₹ 21 - 24.18 Lakh ,4314,2585,448,1809, - ,5,1620,177," Copenhagen, Currant, Ferris White ",5, - , -,- ,4,140 km/h
MG Gloster,"50,959",29.98 Lakh,15 kmpl ,1996 cc ,Automatic ,Diesel ,₹ 29.98 - 36.08 Lakh ,4985,2950, - ,1926, - ,75,1867, - ," Agate Red, Metal Ash, Metal Black, Warm White ",6,1996, 215 BHP@4000 RPM,480 NM @1500 RPM,8,177 km/h
Honda Amaze,"10,580",6.24 Lakh,17 - 25 kmpl ,1199 to 1498 cc ,"Manual, Automatic ","Petrol, Diesel ",₹ 6.24 - 9.99 Lakh ,3995,2470,420,1695,4.7,35,1498,170," Golden Brown Metallic, Lunar Silver Metallic, Modern Steel Metallic, Radiant Red, White ",5,1199, 89 BHP@6000 RPM,110 NM @4800 RPM,12,160 km/h
Honda Jazz,"12,839",7.63 Lakh,16 kmpl ,1199 cc ,"Manual, Automatic ",Petrol ,₹ 7.63 - 9.87 Lakh ,3989,2530,354,1694,5.1,40,1544, - ," Golden Brown, Lunar Silver, Modern Steel , Platinum White, Radiant Red ",5,1199, 89 BHP@6000 RPM,110 NM @4800 RPM,11,172 km/h
Honda WR-V,"14,657",8.7 Lakh,16 - 24 kmpl ,1199 to 1498 cc ,Manual ,"Petrol, Diesel ",₹ 8.7 - 11.11 Lakh ,3999,1087,363,1734,5.3,40,1601,188," Golden Brown, Lunar Silver, Modern Steel, Platinum White Pearl, Premium Amber, Radiant Red ",5,1498, 98 BHP@3600 RPM,200 NM @1750 RPM,13,140 km/h
Honda City,"14,907",9.3 Lakh,17 kmpl ,1497 cc ,Manual ,Petrol ,₹ 9.3 - 10 Lakh ,4440,2600,510,1695,5.3,40,1495,165," Golden Brown, Lunar Silver, Modern Steel, Radiant Red , White Orchid Pearl ",5,1497, 117 BHP@6600 RPM,145 NM @4600 RPM,12,175km/h
Honda All New City,"18,697",11.02 Lakh,18 - 24 kmpl ,1498 cc ,"Manual, Automatic ","Petrol, Diesel ",₹ 11.02 - 14.95 Lakh ,4549,2600,506,1748,5.3,40,1489,165," Golden Brown, Lunar Silver, Modern Steel, Platinum White Pearl, Radiant Red ",5,1498, 119 BHP@6600 RPM,145 NM @4300 RPM,11,175km/h
Jeep Compass,"28,879",16.99 Lakh,14 - 17 kmpl ,1368 to 1956 cc ,"Manual, Automatic ","Petrol, Diesel ",₹ 16.99 - 28.29 Lakh ,4405,2636, - ,1818,5.7,60,1640, - ," Bright White, Brilliant Black, Exotica Red, Galaxy Blue, Grigio Magnesio Grey, Minimal Grey, Techno Green ",5,1368, 160 BHP@5500 RPM,250 NM @2500 RPM,15,161 km/h
Jeep Wrangler,"91,618",53.9 Lakh,10 kmpl ,1998 cc ,Automatic ,Petrol ,₹ 53.9 - 57.9 Lakh ,4882,3008,897,1894, - ,81,1848,217," Black, Bright White, Firecracker Red, Granite Crystal, Sting Grey ",5,1998, 268 BHP@5150 RPM,400 NM @3000 RPM,9,180 km/h
Kia Sonet,"11,542",6.79 Lakh,18 - 24 kmpl ,998 to 1493 cc ,"Manual, Semi - Automatic, Automatic ","Petrol, Diesel ",₹ 6.79 - 13.19 Lakh ,3995,2500,392,1790,5.1,45,1647, - ," Aurora Black Pearl, Beige Gold, BeigeGold/ Black, Glacier White Pearl	, Gravity Grey, Intelligency Blue, Intense Red	, Red/Black	, Steel Silver, White Pearl/Black	 ",5,998, 118 BHP@6000 RPM,172 NM @1500 RPM,24,182 km/h
Kia Seltos,"16,811",9.89 Lakh,16 - 20 kmpl ,1353 to 1497 cc ,"Manual, Automatic ","Petrol, Diesel ",₹ 9.89 - 17.65 Lakh ,4315,2610,433,1800, - ,50,1645, - ," Aurora Black Pearl, Clear White, Glacier White Pearl, Gravity Gray, Gravity Grey, Intelligency Blue, Intense Red, Orange/White	, Punchy Orange, Red / Black	, Silver/Orange	, Steel Silver, White Pearl / Black, White Pearl/Orange	 ",5,1497, 114 BHP@6300 RPM,144 NM @4500 RPM,34,170km/h
Kia Carnival,"42,410",24.95 Lakh,14 kmpl ,1950 cc ,Automatic ,Diesel ,₹ 24.95 - 33.95 Lakh ,5115,3060,540,1985, - ,60,1740, - ," Aurora Black Pearl, Glacier White Pearl, Steel Silver ",7,1950, 198 BHP@3800 RPM,440 NM @1750 RPM,8,190 km/h
Hyundai Santro,"6,638",4.67 Lakh,20 - 30 kmpl ,1086 cc ,"Manual, Automatic ","Petrol, CNG ",₹ 4.67 - 6.35 Lakh ,3610,2400, - ,1645, - ,35,1560, - ," Alpha Blue, Fiery Red, Imperial Beige, Marina Blue, Polar White, Typhoon Silver ",5,1086, 68 BHP@5500 RPM,99 NM @4500 RPM,12,156 km/h
Hyundai Grand i10 Nios,"8,829",5.19 Lakh,19 - 25 kmpl ,998 to 1197 cc ,"Manual, Automatic ","Petrol, CNG, Diesel ",₹ 5.19 - 8.41 Lakh ,3805,2450, - ,1680, - ,37,1520, - ," Aqua Teal, AquaTeal/Black, Fiery Red, Fiery Red / Black, Polar White, PolarWhite/ Black, Titan Grey, Typhoon Silver ",5,1197, 82 BHP@6000 RPM,114 NM @4000 RPM,17,160 km/h
Hyundai Aura,"10,068",5.92 Lakh,20 - 25 kmpl ,998 to 1197 cc ,"Manual, Automatic ","Petrol, CNG, Diesel ",₹ 5.92 - 9.32 Lakh ,3995,2450,402,1680, - ,43,1520,165," Alpha Blue, Fiery Red, Polar White, Titan Grey, Typhoon Silver, Vintage Brown ",5,1197, 81 BHP@6000 RPM,114 NM @4000 RPM,12,155 km/h
Hyundai i20,"11,557",6.8 Lakh,19 - 25 kmpl ,998 to 1493 cc ,"Manual, Automatic, Semi - Automatic ","Petrol, Diesel ",₹ 6.8 - 11.33 Lakh ,3995,2580,311,1775, - ,37,1505,170," Fiery Red, Fiery Red With Black Roof, Metallic Copper, Polar White, Polar White With Black Roof, Starry Night, Titan Grey, Typhoon Silver ",5,998, 118 BHP@6000 RPM,172 NM @1500 RPM,22,167 Km/h
Hyundai Venue,"11,673",6.87 Lakh,17 - 23 kmpl ,998 to 1493 cc ,"Manual, Automatic ","Petrol, Diesel ",₹ 6.87 - 11.67 Lakh ,3995,2500,350,1770,5.1,45,1590,195," Deep Forest, Denim Blue, Denim Blue / Polar White, Fiery Red, Lava Orange, Lava Orange / Phantom Black, Polar White, Polar White / Phantom Black, Titan Grey, TitanGrey/Phantom Black Roof, Typhoon Silver ",5,1197, 82 BHP@6000 RPM,114 NM @4000 RPM,32,160km/h
Hyundai Verna,"15,482",9.11 Lakh,18 - 25 kmpl ,998 to 1497 cc ,"Manual, Automatic ","Petrol, Diesel ",₹ 9.11 - 15.2 Lakh ,4440,2600,480,1729,5.2,45,1475,165," Fiery Red, Phantom Black, Polar White, Starry Night, Titan Grey	, Typhoon Silver	 ",5,1497, 113 BHP@6300 RPM,144 NM @4500 RPM,13,200 km/h
Hyundai Creta,"16,998",10 Lakh,17 - 21 kmpl ,1353 to 1497 cc ,"Automatic, Manual ","Petrol, Diesel ",₹ 10 - 17.54 Lakh ,4300,2610,433,1790, - ,50,1635, - ," Deep Forest, Galaxy Blue, Lava Orange, LavaOrangewith Phantom Black Roof, Phantom Black, Polar White, PolarWhitewith Phantom Black Roof, Red Mulberry, Titan Grey, Typhoon Silver ",5,1493, 114 BHP@4000 RPM,250 NM @1500 RPM,24,165 km/h
Hyundai Elantra,"25,720",17.83 Lakh,15 - 17 kmpl ,1493 to 1999 cc ,"Manual, Automatic ","Petrol, Diesel ",₹ 17.83 - 21.1 Lakh ,4620,2700,458,1800,5.3,50,1465,165," Fiery Red, Marina Blue, Phantom Black, Polar White, Typhoon Silver ",5,1493, 113 BHP@4000 RPM,250 NM @1500 RPM,10,210 km/h
Hyundai Tucson,"38,330",22.55 Lakh,13-17 kmpl,1995 to 1999 cc ,Automatic ,"Petrol, Diesel ",₹ 22.55 - 27.33 Lakh ,4480,2670, - ,1850, - ,62,1660, - ," Phantom Black, Polar White, Starry Night, Typhoon Silver	 ",5,1995, 182 BHP@4000 RPM,400 NM @1750 RPM,8,208 km/h
Hyundai Kona Electric,"40,385",24.15 Lakh,452 Km,,Automatic ,Electric ,₹ 24.15 - 24.34 Lakh ,4180,2600, - ,1800, - , - ,1570,160," Marina Blue, Phantom Black, Polar White, PolarWhite/ Phantom Black, Typhoon Silver ",5, - , -,- ,11,155 km/h
Volkswagen Polo,"9,210",6.17 Lakh,16 - 20 kmpl ,999 cc ,"Manual, Automatic ",Petrol ,₹ 6.17 - 10 Lakh ,3971,2470,280,1682,4.97,45,1469,165," Candy White, Carbon Steel, Flash Red, Lapiz Blue, Reflex Silver, Sunset Red, Toffee Brown ",5,999, 75 BHP@6200 RPM,95 NM @3000 RPM,14,164 km/h
Volkswagen Vento,"14,771",9.14 Lakh,16 - 18 kmpl ,999 cc ,"Manual, Automatic ",Petrol ,₹ 9.14 - 13.83 Lakh ,4390,2553,494,1699,5.2,55,1467,163," Candy White, Carbon Steel, Lapiz Blue, Reflex Silver, Sunset Red, Toffee Brown ",5,999, 109 BHP@5000 RPM,175 NM @1750 RPM,12,183.8 km/h
Volkswagen T-Roc,"36,290",21.35 Lakh,18 kmpl ,1498 cc ,Automatic ,Petrol ,₹ 21.35 Lakh ,4234,2590,445,1819,5.5,59,1573, - ," Deep Black, Energetic Orange, Indium Grey, Kurkuma Yellow, Pure White, Ravenna Blue ",5,1498, 148 BHP@5000 RPM,250 NM @1500 RPM,12,250 km/h
Volkswagen Tiguan AllSpace,"58,132",34.2 Lakh,14 kmpl ,1984 cc ,Automatic ,Petrol ,₹ 34.2 Lakh ,4701,2787, - ,1839, - ,60,1674, - ," Deep Black Pearl, Habanero Orange, Petroleum Blue, Platinum Grey, Pure White, Pyrite Silver, Ruby Red ",7,1984, 188 BHP@4200 RPM,320 NM @1500 RPM,15,225 km/h
Tata Tiago,"5,777",4.86 Lakh,23 kmpl ,1199 cc ,"Manual, Automatic ",Petrol ,₹ 4.86 - 6.85 Lakh ,3746,2400,242,1647,4.9,35,1535,170," Arizona Blue, Daytona Grey, Flame Red, Pearlescent White, Pure Silver, Victory Yellow ",5,1199, 83 BHP@6000 RPM,114 NM @3500 RPM,12,150 km/h
Tata Tigor,"9,341",5.5 Lakh,20 kmpl ,1199 cc ,"Manual, Automatic ",Petrol ,₹ 5.5 - 7.64 Lakh ,3993,2450,419,1677,5.1,35,1532,170," Arizona Blue, Daytona Grey, Deep Red, Pearlescent White, Pure Silver ",5,1199, 85 BHP@6000 RPM,113 NM @3300 RPM,10,164 km/h
Tata Altroz,"9,681",5.7 Lakh,19-25 kmpl,1199 to 1497 cc ,Manual ,"Petrol, Diesel ",₹ 5.7 - 9.46 Lakh ,3990,2501, - ,1755,5,37,1523, - ," Avenue White, Downtown Red, Harbour Blue, High Street Gold, Midtown Grey, Skyline Silver ",5,1497, 88 BHP@4000 RPM,200 NM @1250 RPM,13,100 km/h
Tata Nexon,"12,067",7.1 Lakh,18 - 24 kmpl ,1199 to 1498 cc ,"Manual, Automatic ","Petrol, Diesel ",₹ 7.1 - 12.8 Lakh ,3993,2498,350,1811,5.1,44,1606,209," Calgary White, Daytona Grey, Flame Red, Foliage Green, Pure Silver ",5,1199, 119 BHP@5500 RPM,170 NM @1750 RPM,10,180 km/h
Tata Tigor EV,"16,291",10.51 Lakh,142 Km,,Automatic ,Electric ,₹ 10.51 - 10.83 Lakh ,3992,2450,255,1677,5.1, - ,1537,176," Egyptian Blue, Pearlescent White ",5, - , -,- ,4,80 km/h
Tata Nexon EV,"23,780",13.99 Lakh,312 km,,Automatic ,Electric ,₹ 13.99 - 16.4 Lakh ,3994,2498,350,1811,5.1, - ,1607,205," Glacier White, Moonlit Silver, Signature Teal Blue ", - , - , -,- ,7,120 km/h
Tata Harrier,"23,789",14 Lakh,14 - 16 kmpl ,1956 cc ,"Manual, Automatic ",Diesel ,₹ 14 - 20.46 Lakh ,4598,2741,425,1894, - ,50,1706,205," Atlas Black, Calypso Red, Camo Green, Orcus White, Telesto Grey ",5,1956, 168 BHP@3750 RPM,350 NM @1750 RPM,10,180 km/h
Tata Safari,"24,970",14.69 Lakh,16 kmpl ,1956 cc ,"Manual, Automatic ",Diesel ,₹ 14.69 - 21.45 Lakh ,4661,2741,447,1894, - ,50,1786,205," Daytona Grey, Orcus White, Royal Blue, Tropical Mist, Tropical Mist Adventure ",7,1956, 168 BHP@3750 RPM,350 NM @1750 RPM,11,175 km/h
Mahindra KUV100 NXT,"8,299",5.87 Lakh,18 kmpl ,1198 cc ,Manual ,Petrol ,₹ 5.87 - 7.45 Lakh ,3700,2385,243,1735,5.05,35,1655,170," Dazzling Silver/Metallic Black, Dazzling silver, Designer Gray, Fiery Orange, Flamboyant Red, Flamboyant Red/Metallic Black, Midnight Black, Pearl White ",6,1198, 82 BHP@5500 RPM,115 NM @3500 RPM,18,160 km/h
Mahindra XUV300,"13,519",7.95 Lakh,16 - 18 kmpl ,1197 to 1497 cc ,"Manual, Automatic ","Petrol, Diesel ",₹ 7.95 - 12.55 Lakh ,3995,2600,257,1821,5.3,42,1627,180," Aquamarine, Aquamarine/Pearl White, Dsat Silver, Napoli Black, Pearl White, Red Rage, Red Rage/Pearl White ",5,1197, 109 BHP@5000 RPM,200 NM @2000 RPM,14,160 km/h
Mahindra Bolero,"12,951",8.12 Lakh,17 kmpl ,1493 cc ,Manual ,Diesel ,₹ 8.12 - 9.1 Lakh ,3995,2680, - ,1745,5.8,60,1880,180," Diamond White, Lakeside Brown, Mist Silver, Silver ",7,1493, 75 BHP@3600 RPM,210 NM @1600 RPM,7,117 km/h
Mahindra Thar,"17,004",10 Lakh,15.2 kmpl,1997 to 2184 cc ,"Manual, Automatic ","Petrol, Diesel ",₹ 10 - 14.15 Lakh ,3985,2450, - ,1820, - ,57,1920,219," Aqua Marine, Galaxy Grey, Mystic Copper, Napoli Black, Red Rage, Rocky Beige ",4,2184, 130 BHP@3750 RPM,300 NM @1600 RPM,12,155 km/h
Mahindra Marazzo,"19,794",11.64 Lakh,18 kmpl ,1497 cc ,Manual ,Diesel ,₹ 11.64 - 13.8 Lakh ,4585,2760,190,1866, - ,45,1774, - ," Aqua Marine, Iceberg White, Mariner Maroon, Oceanic Black, Poseidon Purple, Shimmering Silver ",7,1497, 121 BHP@3500 RPM,300 NM @1750 RPM,12,145 km/h
Mahindra Scorpio,"17,338",11.98 Lakh,14 - 16 kmpl ,2179 cc ,Manual ,Diesel ,₹ 11.98 - 16.44 Lakh ,4456,2680, - ,1820,5.65,60,1995,180," Diamond White, Mist Silver, Molten Red, Napoli Black, Pearl White ",7,2179, 140 BHP@3750 RPM,320 NM @1500 RPM,10,163.81 km/h
Mahindra XUV500,"20,923",13.8 Lakh,16 kmpl ,2179 cc ,"Manual, Automatic ",Diesel ,₹ 13.8 - 19.46 Lakh ,4585,2700, - ,1890,5.6,70,1785,200," Crimson Red	, Lake Side Brown	, Moondust Silver	, Mystic Copper	, Opulent Purple	, Pearl White	, Volcano Black	 ",7,2179, 155 BHP@3750 RPM,360 NM @1700 RPM,21,144.57 km/h
Mahindra Alturas G4,"48,836",28.73 Lakh,14 kmpl ,2157 cc ,Automatic ,Diesel ,₹ 28.73 - 31.73 Lakh ,4850,2865, - ,1960,5.5,70,1845, - ," D Sat Silver, LakeSide Brown, Napoli Black, Pearl White, Regal Blue ",7,2157, 178 BHP@4000 RPM,420 NM @1600 RPM,11,182 km/h
Datsun redi-GO,"6,524",3.84 Lakh,21 - 22 kmpl ,799 to 999 cc ,"Manual, Automatic ",Petrol ,₹ 3.84 - 4.96 Lakh ,3435,2348,222,1574,4.7,28,1546,187," Bronze Grey, Crystal Silver, Opal White, Ruby Red, Sandstone Brown, Vivid Blue ",5,799, 54 BHP@5600 RPM,72 NM @4250 RPM,12,135 km/h
Datsun Go,"6,774",4.03 Lakh,19 - 20 kmpl ,1198 cc ,"Manual, Automatic ",Petrol ,₹ 4.03 - 6.51 Lakh ,3788,2450,265,1636,4.6, - ,1507,180," Amber Orange, Bronze Grey, Crystal Silver, Opal White, Ruby, Vivid Blue ",5,1198, 67 BHP@5000 RPM,104 NM @4000 RPM,11,150Km/h
Datsun GO Plus,"7,240",4.26 Lakh,19 - 20 kmpl ,1198 cc ,"Manual, Automatic ",Petrol ,₹ 4.26 - 7 Lakh ,3995,2450,347,1636,4.6, - ,1507,180," Bronze Grey, Crystal Silver, Opal White, Ruby, Sunstone Brown, Vivid Blue ",7,1198, 67 BHP@5000 RPM,104 NM @4000 RPM,11,145 km/h
Nissan Magnite,"9,502",5.59 Lakh,18 - 20 kmpl ,999 cc ,"Manual, Automatic ",Petrol ,₹ 5.59 - 9.9 Lakh ,3994,2500,336,1758,5,40,1572,205," Blade Silver, Flare Garnet Red/Onyx Black, Onyx Black, Pearl White/Onyx Black, Sandstone Brown, Storm White, Tourmaline Brown/Onyx Black, Vivid Blus/Storm White ",5,999, 71 BHP@6250 RPM,96 NM @3500 RPM,21,150km/h
Nissan Kicks,"16,148",9.5 Lakh,14 - 16 kmpl ,1330 to 1498 cc ,"Manual, Automatic ",Petrol ,₹ 9.5 - 14.65 Lakh ,4384,2673,400,1813,5.2,50,1669,210," Amber Orange, Blade Silver, Bronze Grey, Bronze Grey/Amber Orange, Deep Blue Pearl, Fire Red, Fire Red/ Onyx Black, Night Shade, Pearl White, Pearl White/Onyx Black ",5,1498, 105 BHP@5600 RPM,142 NM @4000 RPM,25,165 km/h
Nissan GT-R,"3,61,035",2.12 Crore,10 kmpl ,3799 cc ,Automatic ,Petrol ,₹ 2.12 Crore ,4710,2780,250,1895, - ,74,1370,110," Gun Metallic, Katsura Orange, Pearl Black, Pearl Blue, Pearl White, Ultimate Silver, Vibrant Red ",4,3799, 565 BHP@6800 RPM,637 NM @3200 RPM,14,330 km/h
Renault Kwid,"5,407",3.18 Lakh,23 - 25 kmpl ,799 to 999 cc ,"Manual, Automatic ",Petrol ,₹ 3.18 - 8.55 Lakh ,3731,2422,279,1579,4.9,28,1474,184," Electric Blue, Fiery Red, Ice Cool White, Moonlight Silver, Outback Bronze, Planet Grey, Zanskar Blue ",5,999, 67 BHP@5500 RPM,91 NM @4250 RPM,15,135 km/h
Renault Triber,"9,009",5.29 Lakh,18 - 20 kmpl ,999 cc ,"Manual, Automatic ",Petrol ,₹ 5.29 - 7.82 Lakh ,3990,2636,625,1739, - ,40,1643,182," Electric Blue, Electric Blue With Black Roof, Fiery Red, Ice Cool White, Ice Cool White With Black Roof, Metal Mustard, Metal Mustard With Black Roof, Moonlight Silver, Moonlight Silver With Black Roof, New Cedar Brown, New Cedar Brown With Black Roof ",7,999, 71 BHP@6250 RPM,96 NM @3500 RPM,41,140 km/h
Renault Kiger,"9,264",5.45 Lakh,12 kmpl ,999 cc ,"Manual, Automatic ",Petrol ,₹ 5.45 - 9.72 Lakh ,3991,2500,405,1750, - ,40,1600,205," Caspian Blue, Caspian Blue With Black Roof, Ice Cool White	, Ice Cool White With Black Roof, Mahogany Brown, Mahogany Brown With Black Roof	, Moonlight Grey, Moonlight Grey With Black Roof, Planet Grey, Planet Grey With Black Roof, Radiant Red, Radiant Red With Black Roof	 ",5,999, 71 BHP@6250 RPM,96 NM @3500 RPM,46,155 km/h
Renault Duster,"14,601",9.73 Lakh,14 - 16 kmpl ,1330 to 1498 cc ,"Manual, Automatic ",Petrol ,₹ 9.73 - 14.12 Lakh ,4360,2673,475,1822,5.2,50,1695,205," Caspian Blue, Cayenne Orange, Mahogany Brown, Moonlight Silver, Slate Grey ",5,1330, 154 BHP@5500 RPM,254 NM @1600 RPM,10,170 km/h
Citroen C5 Aircross,"50,823",29.9 Lakh,18 kmpl ,1997 cc ,Automatic ,Diesel ,₹ 29.9 - 31.9 Lakh ,4500,2730,580,2099,5.35,53,1710, - ," Cumulus Grey, Cumulus Grey With Black Roof, Pearl Nera Black, Pearl White, Pearl White With Black Roof, Tijuca Blue, Tijuca Blue With Black Roof ",5,1997, 174 BHP@3750 RPM,400 NM @2000 RPM,24,219 km/h
